customer_id,name,last_name,email,city,ip_address
1,Garfield,Ketteridge,gketteridge0@disqus.com,Chivor,81.28.182.108
2,Brnaby,Mc Meekan,bmcmeekan1@fotki.com,Sousa,192.42.222.105
3,Lidia,O'Devey,lodevey2@github.com,Corbeil-Essonnes,48.31.151.226
4,Hollie,Bridgstock,hbridgstock3@ehow.com,Oromocto,235.242.93.189
5,Kacie,Hendriksen,khendriksen4@wired.com,Skórzec,49.175.234.228
6,Coop,Wooderson,cwooderson5@prlog.org,Anin,53.139.101.137
7,Ozzie,Seabon,oseabon6@jigsy.com,Sam Phran,208.61.133.129
8,Mattie,Stores,mstores7@nbcnews.com,Naḩḩālīn,181.43.245.1
9,Margarette,Greenalf,mgreenalf8@mozilla.org,Goubétto,245.200.22.130
10,Norbert,Bartell,nbartell9@comsenz.com,Chepes,145.253.222.165
11,Miriam,Applin,mapplina@about.me,Zagora,32.253.44.60
12,Avery,Bacon,abaconb@skyrock.com,Dacun,132.106.27.202
13,Ellissa,Whittam,ewhittamc@reverbnation.com,Balgatay,159.145.193.252
14,Nomi,McCreedy,nmccreedyd@cnet.com,Rattanaburi,12.136.14.27
15,Lavinia,Denny,ldennye@exblog.jp,Varna,75.208.181.224
16,Kristan,Attwood,kattwoodf@ed.gov,Munjungan,29.194.157.146
17,Zelig,Tuckerman,ztuckermang@infoseek.co.jp,Hongguang,43.5.134.135
18,Aviva,Malafe,amalafeh@topsy.com,Pyatovskiy,182.1.92.18
19,Leela,Flintuff,lflintuffi@cnet.com,Grajaú,156.102.14.40
20,Fiona,Tubbles,ftubblesj@about.com,Phalaborwa,70.133.212.89
21,Jude,Sleany,jsleanyk@samsung.com,Haoba,121.101.84.118
22,Drona,Fenn,dfennl@mit.edu,Longtan,55.32.137.80
23,Aarika,Treven,atrevenm@unicef.org,Banakaja,105.239.150.238
24,Ruthie,Rove,rroven@csmonitor.com,Chame,206.75.14.68
25,Anabelle,Hing,ahingo@aboutads.info,Chaloem Phra Kiat,27.87.178.63
26,Amandie,Gwatkins,agwatkinsp@theguardian.com,Ban Lŭng,253.96.118.46
27,Travis,Sholl,tshollq@timesonline.co.uk,Beni Khiar,217.230.44.196
28,Demetrius,Moreton,dmoretonr@tinyurl.com,Dūst Moḩammad Khān,82.231.253.208
29,Pollyanna,Bernakiewicz,pbernakiewiczs@soundcloud.com,Heshi,198.52.68.255
30,Sherwynd,Woodhead,swoodheadt@alibaba.com,Businovo,198.145.29.37
31,Drud,Gundrey,dgundreyu@aboutads.info,Nancy,68.207.6.62
32,Tammi,Sustin,tsustinv@hp.com,El Socorro,232.173.12.69
33,Mill,Rawstorne,mrawstornew@epa.gov,Huangtian,53.152.18.208
34,Kippy,Labone,klabonex@printfriendly.com,Sokolo,239.23.181.19
35,Lizabeth,Reeman,lreemany@tripadvisor.com,Dallas,243.105.163.191
36,Care,Domleo,cdomleoz@jigsy.com,Laranjeiras do Sul,49.54.8.60
37,Krissie,Antony,kantony10@sphinn.com,Xizhong,119.127.137.26
38,Pauli,Crebo,pcrebo11@alexa.com,Villa Nueva,166.137.127.134
39,Anissa,Wisson,awisson12@wikispaces.com,Shorko,191.30.172.25
40,Augy,McKag,amckag13@github.com,Delães,64.17.242.115
41,Emera,Whoolehan,ewhoolehan14@bluehost.com,Fort Worth,233.39.168.229
42,Angel,Clayborn,aclayborn15@nasa.gov,Magisterial,251.216.95.38
43,Reynold,Prest,rprest16@slate.com,Zbraslavice,234.41.118.59
44,Ive,Lorent,ilorent17@merriam-webster.com,Tanahwangko,45.246.190.193
45,Auroora,Dennitts,adennitts18@howstuffworks.com,Leye,224.128.6.251
46,Raffarty,Snaddin,rsnaddin19@usda.gov,Budagovo,7.136.14.71
47,Arlinda,Lampkin,alampkin1a@stumbleupon.com,Changting,5.146.253.23
48,Merry,Sidle,msidle1b@ning.com,Ippy,74.152.107.193
49,Brana,Peare,bpeare1c@google.it,Bethlehem,59.114.119.179
50,Delano,Whaley,dwhaley1d@nhs.uk,Koupéla,57.254.79.167
51,Domini,Bereford,dbereford1e@tumblr.com,Al Bawīţī,105.211.131.6
52,Vannie,Hengoed,vhengoed1f@forbes.com,Kanashevo,237.69.70.103
53,Charmine,Odd,codd1g@yelp.com,Gesikan,189.82.230.3
54,Thomasine,Howship,thowship1h@godaddy.com,Potok Złoty,228.60.35.100
55,Bernardina,Bangley,bbangley1i@altervista.org,Yangi-Nishon Shahri,179.100.186.201
56,Gordy,O'Gorman,gogorman1j@ucoz.ru,Charxin,26.3.175.144
57,Inglis,Louca,ilouca1k@stanford.edu,Jinping,209.212.108.156
58,Jeni,Tregidgo,jtregidgo1l@webmd.com,Gaoqiao,144.67.9.172
59,Laural,Panchin,lpanchin1m@newsvine.com,Calbuco,187.86.163.119
60,Katina,Foggo,kfoggo1n@odnoklassniki.ru,Sadar,120.137.251.172
61,Rosamund,Claiton,rclaiton1o@pagesperso-orange.fr,Lindome,155.233.174.43
62,Rhona,Wessel,rwessel1p@rambler.ru,Tapas,6.92.198.55
63,Juliana,Symcoxe,jsymcoxe1q@huffingtonpost.com,Armen,182.4.7.149
64,Lemuel,Raymont,lraymont1r@clickbank.net,Storozhynets’,245.231.51.199
65,Rodrick,Tonn,rtonn1s@apache.org,Bayt Dajan,127.40.128.244
66,Marcus,Dunk,mdunk1t@tripadvisor.com,Sempu,93.36.64.124
67,Chelsae,Allabush,callabush1u@reuters.com,Cikulina,182.83.152.173
68,Matthias,Paynton,mpaynton1v@msn.com,Cibeureum,38.98.37.96
69,Kelby,Odlin,kodlin1w@bravesites.com,Panbang,144.65.200.98
70,Martica,Beckley,mbeckley1x@samsung.com,Anuchino,1.183.168.236
71,Eachelle,Cumbers,ecumbers1y@yale.edu,Bundoran,0.85.107.198
72,Lowe,Ianiello,lianiello1z@foxnews.com,Colmar,190.102.124.215
73,Madalyn,Hacun,mhacun20@a8.net,Mölnlycke,68.227.5.20
74,Rayner,Spoward,rspoward21@livejournal.com,Hongtang,222.80.39.215
75,Corilla,Braidwood,cbraidwood22@clickbank.net,Sibinal,139.151.91.115
76,Bentlee,Lorie,blorie23@ifeng.com,Dong Charoen,138.73.178.124
77,Shaylah,Prior,sprior24@dell.com,Lagodekhi,5.239.32.38
78,Melodie,Yokel,myokel25@cnbc.com,Hässelby,214.225.61.116
79,Kellyann,McNabb,kmcnabb26@jimdo.com,Bijeli,141.139.150.144
80,Catlaina,Oakhill,coakhill27@cocolog-nifty.com,Alīābad,197.134.172.62
81,Tiffany,Drinnan,tdrinnan28@wikia.com,Shiqiao,22.204.88.91
82,Lilias,Bim,lbim29@jigsy.com,Jawhar,23.230.44.27
83,Margaret,Paule,mpaule2a@upenn.edu,Muli,54.238.64.229
84,Kayley,Burgne,kburgne2b@creativecommons.org,Zhishan,189.201.172.89
85,Wolfgang,Sarfat,wsarfat2c@dmoz.org,Linköping,139.238.143.34
86,Eduard,Celloni,ecelloni2d@xing.com,Leping,131.27.144.172
87,Lia,Gorry,lgorry2e@wunderground.com,Mukhen,29.191.95.253
88,Sibyl,Powell,spowell2f@samsung.com,Detroit,13.31.17.94
89,Kenny,Keepence,kkeepence2g@csmonitor.com,Orsha,80.245.138.133
90,Linnea,Bowering,lbowering2h@webs.com,Chengjiang,223.70.31.18
91,Base,Newvell,bnewvell2i@businessinsider.com,Yelkhovka,7.145.144.141
92,Revkah,Cavill,rcavill2j@npr.org,Bulawin,252.66.154.149
93,Donni,Adamczyk,dadamczyk2k@independent.co.uk,Ishurdi,39.153.162.51
94,Davie,Fearneley,dfearneley2l@state.gov,Benito Juarez,85.92.99.44
95,Terrijo,Greatex,tgreatex2m@independent.co.uk,Wilczyce,204.171.14.156
96,Joya,Pollendine,jpollendine2n@wordpress.org,Cikadongdong,180.40.19.223
97,Christabella,Platts,cplatts2o@blogtalkradio.com,Dashuipo,159.143.226.84
98,Clarie,Gawkroge,cgawkroge2p@marketwatch.com,Vnukovo,126.210.64.2
99,Ardella,Casbourne,acasbourne2q@japanpost.jp,Xinhe,173.91.185.251
100,Gustie,Tommasetti,gtommasetti2r@skype.com,Felege Neway,223.24.216.157
101,Shara,Walsh,swalsh2s@bandcamp.com,El Hajeb,21.30.12.207
102,Brock,Paddick,bpaddick2t@geocities.com,Niba,41.179.17.192
103,Slade,Wudeland,swudeland2u@dion.ne.jp,Doug An,13.210.73.140
104,Remington,Brou,rbrou2v@printfriendly.com,Banjar Baleagung,142.214.61.31
105,Elaina,Logg,elogg2w@google.cn,Cruz Alta,152.222.30.109
106,Dino,Wrist,dwrist2x@123-reg.co.uk,Marsa Alam,185.67.38.65
107,Papagena,Aldwinckle,paldwinckle2y@umich.edu,Xuancheng,136.208.155.70
108,Philip,Strevens,pstrevens2z@cpanel.net,Duru,8.38.88.10
109,Dilly,Mibourne,dmibourne30@themeforest.net,Urek-urek,227.209.194.114
110,Heddie,Gorce,hgorce31@abc.net.au,Pingdingbu,241.120.132.186
111,Eliza,Shilstone,eshilstone32@bravesites.com,Chenjiaba,11.196.244.95
112,Rainer,O'Rodane,rorodane33@upenn.edu,Doāba,104.50.140.107
113,Hugibert,Polin,hpolin34@telegraph.co.uk,Tualeu,107.77.93.227
114,Nichol,Debill,ndebill35@friendfeed.com,Disūq,113.157.162.233
115,Brynna,Jeafferson,bjeafferson36@vimeo.com,Zhanping,183.230.225.161
116,Colleen,Gasking,cgasking37@live.com,Potoci,24.115.64.39
117,Corri,Gauge,cgauge38@timesonline.co.uk,Xinghua,193.160.30.218
118,Konrad,Tandey,ktandey39@smugmug.com,Pa Phayom,7.142.254.57
119,Rivkah,Paslow,rpaslow3a@chicagotribune.com,Santa Teresa,42.180.147.79
120,Lindi,Malshinger,lmalshinger3b@reddit.com,Stockholm,133.7.212.77
121,Brock,Danielski,bdanielski3c@parallels.com,Cumanayagua,237.178.45.101
122,Kincaid,Tellett,ktellett3d@bbb.org,Pingxiang,89.89.98.118
123,Rolfe,Kellart,rkellart3e@privacy.gov.au,Babak,10.105.239.40
124,Bryan,Wapol,bwapol3f@google.co.uk,Arrabal,133.204.80.69
125,Codie,Fitzpatrick,cfitzpatrick3g@youtube.com,Preiļi,117.57.54.9
126,Francene,Ivanchin,fivanchin3h@4shared.com,Smečno,67.65.118.213
127,Evanne,Hosten,ehosten3i@lycos.com,Londres,18.42.208.95
128,Griff,Waith,gwaith3j@drupal.org,Thị Xã Lai Châu,160.112.197.197
129,Marsiella,Iannello,miannello3k@theglobeandmail.com,Pacarkeling,62.81.86.223
130,Franni,Zuanelli,fzuanelli3l@arizona.edu,Saint-Paul,117.42.215.96
131,Pall,Standidge,pstandidge3m@1und1.de,Horlivka,95.221.178.186
132,Kimberli,Glinde,kglinde3n@fotki.com,Radoboj,78.170.117.0
133,Elmo,Bratt,ebratt3o@sakura.ne.jp,Maomiaoji,227.161.243.102
134,Avie,Dick,adick3p@istockphoto.com,Bajo,62.13.155.168
135,Krystyna,Slot,kslot3q@paypal.com,Prosperidad,167.88.192.32
136,Robina,Koba,rkoba3r@ask.com,La Cruz,200.49.35.179
137,Bonni,Jedrychowski,bjedrychowski3s@photobucket.com,Nantou,1.22.52.31
138,Darb,Bertl,dbertl3t@seesaa.net,Santa Cruz das Palmeiras,177.211.140.250
139,Aliza,Esome,aesome3u@cpanel.net,Rāmhormoz,99.224.122.53
140,Ernesto,Stidston,estidston3v@flavors.me,Kiên Lương,121.183.222.188
141,Cybill,Osbourne,cosbourne3w@list-manage.com,Leon,158.65.53.210
142,Mariquilla,Pygott,mpygott3x@dailymotion.com,Kujang-ŭp,209.49.214.66
143,Sonny,Brackstone,sbrackstone3y@yahoo.com,Qiaolin,140.255.214.33
144,Gerrie,MacQuaker,gmacquaker3z@indiatimes.com,Sukarama,245.137.205.78
145,Cesare,Deegan,cdeegan40@freewebs.com,Granja do Tedo,32.98.87.83
146,Rod,Tatlowe,rtatlowe41@va.gov,Nianyushan,63.42.188.193
147,Janey,Ballam,jballam42@desdev.cn,Izvestkovyy,81.52.169.124
148,Yvor,Danielot,ydanielot43@fema.gov,Tarauacá,48.101.41.139
149,Itch,Wannan,iwannan44@fastcompany.com,Caucagüito,13.239.220.233
150,Orel,O'Grogane,oogrogane45@businesswire.com,La Estrella,52.138.108.40
151,Jud,MacIlory,jmacilory46@ihg.com,Erjia,130.230.65.246
152,Elie,Legister,elegister47@nifty.com,Hagfors,50.229.210.249
153,Iorgo,Etty,ietty48@cnn.com,Liufang,138.66.253.196
154,Friederike,Tow,ftow49@php.net,Santiago,86.40.255.192
155,Cairistiona,Febvre,cfebvre4a@si.edu,Pingtan,185.23.159.8
156,Palm,Hallede,phallede4b@chicagotribune.com,Mazongling,70.184.112.187
157,Guinevere,Lytell,glytell4c@gizmodo.com,Toshloq,126.103.109.90
158,Jaquelin,Rooms,jrooms4d@indiegogo.com,Calçada,46.218.92.19
159,Arlin,Birdfield,abirdfield4e@yandex.ru,Pilcuyo,199.125.159.195
160,Curran,Gaskin,cgaskin4f@uol.com.br,Constance,240.253.123.251
161,Bastien,Ortet,bortet4g@cdbaby.com,Nnewi,97.171.166.73
162,Iolanthe,Balmann,ibalmann4h@a8.net,Napel,82.105.22.117
163,Sargent,Killock,skillock4i@howstuffworks.com,Kolumbug,132.114.219.219
164,Waylan,Bartholomieu,wbartholomieu4j@va.gov,Cereté,210.210.12.27
165,Dyna,Defau,ddefau4k@examiner.com,Bangan-Oda,22.58.245.57
166,Cecilia,Ruddock,cruddock4l@people.com.cn,Malaga,30.240.19.66
167,Bernette,Albion,balbion4m@ox.ac.uk,Gusau,189.233.101.143
168,Wallache,Samwell,wsamwell4n@wisc.edu,Ono,252.157.140.151
169,Kissiah,O'Cridigan,kocridigan4o@simplemachines.org,Kibiya,156.191.94.167
170,Dawn,Hallihane,dhallihane4p@abc.net.au,Keffin Hausa,122.62.46.120
171,Gerrie,Waters,gwaters4q@vistaprint.com,Colombia,24.126.25.52
172,Bettina,Gatley,bgatley4r@furl.net,El Salitre,57.43.211.70
173,Bethena,Biskupek,bbiskupek4s@domainmarket.com,Palestina de los Altos,224.147.94.164
174,Brit,Van Arsdall,bvanarsdall4t@hhs.gov,Sidomakmur,145.187.95.56
175,Callean,Dellit,cdellit4u@admin.ch,Bayan Huxu,230.134.29.249
176,Marleah,Guinery,mguinery4v@opensource.org,Obonoma,157.249.148.143
177,Dniren,Willcock,dwillcock4w@youtube.com,Coaldale,99.175.150.31
178,Zaccaria,Grodden,zgrodden4x@mapquest.com,Saguenay,59.235.84.163
179,Bayard,Attenburrow,battenburrow4y@mashable.com,Petrovskoye,245.206.249.20
180,Darcy,Jimeno,djimeno4z@so-net.ne.jp,Carregueira,213.19.244.168
181,Ofelia,Wilton,owilton50@google.es,Daba,121.151.96.127
182,Florian,Draijer,fdraijer51@hud.gov,Greensboro,202.87.123.189
183,Paulo,Telezhkin,ptelezhkin52@hexun.com,Guisijan,68.255.79.74
184,Thoma,Fenning,tfenning53@csmonitor.com,Palmira,103.210.7.28
185,Fiann,Leadstone,fleadstone54@ucoz.ru,Tintafor,163.126.26.177
186,Aidan,Gilchriest,agilchriest55@tiny.cc,Lukunor,103.116.70.96
187,Chastity,Mallett,cmallett56@xing.com,Pingxiang,116.202.132.233
188,Monro,Stemp,mstemp57@vinaora.com,Qiaonan,197.198.204.103
189,Sapphira,Lazenbury,slazenbury58@prnewswire.com,Poputnaya,146.71.225.39
190,Pebrook,Reckless,preckless59@guardian.co.uk,Babagan,73.0.216.103
191,Mathias,Tafani,mtafani5a@reuters.com,Brasília de Minas,170.173.193.32
192,Byram,Hamnet,bhamnet5b@stumbleupon.com,Banjar Beratan,103.192.192.158
193,Georgina,Summerscales,gsummerscales5c@hexun.com,Cawayan Bugtong,226.241.254.88
194,Ogden,Flahy,oflahy5d@csmonitor.com,Göteborg,127.245.16.230
195,Luciana,Thomesson,lthomesson5e@edublogs.org,Luhanka,97.197.32.131
196,Giuditta,Gheorghescu,ggheorghescu5f@skyrock.com,Pappádos,245.149.37.85
197,Josey,Tann,jtann5g@arstechnica.com,Piltown,77.219.86.4
198,Gussie,Kobierski,gkobierski5h@epa.gov,Palon,29.39.101.156
199,Peggie,Shillitto,pshillitto5i@wikispaces.com,Tekstil’shchiki,3.206.152.110
200,Horace,Gianilli,hgianilli5j@dot.gov,Praia das Maçãs,235.44.202.251
201,Thebault,Bitterton,tbitterton5k@bloglines.com,La Agustina,13.131.63.179
202,Lyell,Woolway,lwoolway5l@wordpress.com,Dalaba,110.215.22.39
203,Eugine,Daine,edaine5m@odnoklassniki.ru,Ulaan Khat,208.45.46.178
204,Ebba,Vescovini,evescovini5n@networksolutions.com,Desamparados,242.219.2.23
205,Alvis,Hibling,ahibling5o@sciencedaily.com,Lenger,58.171.164.91
206,Berrie,Okenden,bokenden5p@ucoz.ru,Tuymazy,57.235.31.130
207,Alexandr,Kenlin,akenlin5q@wix.com,Feteira Grande,10.147.70.97
208,Thomas,Dillway,tdillway5r@economist.com,Hupalivka,52.76.31.254
209,Henri,Bolwell,hbolwell5s@seesaa.net,Giyon,19.54.169.54
210,Jeth,Burd,jburd5t@businessweek.com,La Bélgica,217.109.157.159
211,Arthur,Reneke,areneke5u@linkedin.com,Apóstoles,1.251.125.188
212,Carney,Giacopini,cgiacopini5v@paginegialle.it,Dukuhbadag,162.63.41.235
213,Chase,Parmiter,cparmiter5w@cyberchimps.com,Villanueva,156.127.44.17
214,Ariella,De Matteis,adematteis5x@si.edu,Velké Losiny,70.178.196.233
215,Etta,Fellgatt,efellgatt5y@goo.ne.jp,Artemivs’k,76.125.211.106
216,Udell,Mant,umant5z@wisc.edu,Wanjiazhuang,158.200.208.99
217,Tobin,Atwater,tatwater60@delicious.com,Tegalgunung,119.31.210.71
218,Ronald,Geindre,rgeindre61@bbc.co.uk,Huata,39.22.255.71
219,Danice,Cunnell,dcunnell62@networksolutions.com,Xintian,63.114.92.146
220,Michel,Kadwallider,mkadwallider63@cbsnews.com,Colonia Elía,35.175.179.30
221,Pepi,Ringrose,pringrose64@ucsd.edu,Tyresö,230.217.249.170
222,Arda,Lambourn,alambourn65@wikia.com,Guiuan,10.1.215.179
223,Dimitri,Marsay,dmarsay66@admin.ch,Buena Esperanza,161.242.91.245
224,Laney,Lympenie,llympenie67@arizona.edu,Abū Mūsā,47.95.185.61
225,Cesya,Bazoge,cbazoge68@gizmodo.com,Ćuprija,49.137.150.20
226,Juli,Tetther,jtetther69@nationalgeographic.com,Cabouco,53.132.14.154
227,Debra,Caswall,dcaswall6a@goodreads.com,Sparwood,129.160.36.107
228,Pearla,Debell,pdebell6b@businessinsider.com,Masatepe,97.242.130.77
229,Rolf,MacHoste,rmachoste6c@bbc.co.uk,Bom Jesus do Itabapoana,9.58.158.38
230,Lisabeth,Wilkerson,lwilkerson6d@adobe.com,Sunbu,11.84.142.128
231,Marcela,Coaten,mcoaten6e@pinterest.com,Agago,191.107.33.55
232,Bertrand,Downing,bdowning6f@upenn.edu,Sharm el-Sheikh,48.33.75.69
233,Rochelle,Yeates,ryeates6g@buzzfeed.com,Emmen,234.244.242.250
234,Reynold,Londer,rlonder6h@google.ru,Yermolayevo,242.115.120.7
235,Justen,Klimochkin,jklimochkin6i@cnbc.com,Yaojiaji,28.201.148.171
236,Madelena,Wudeland,mwudeland6j@sciencedirect.com,Yanjiang,103.235.138.147
237,Clair,Nibloe,cnibloe6k@soup.io,La Reforma,239.59.234.210
238,Florrie,De Gregoli,fdegregoli6l@dedecms.com,Liuzhou,240.199.137.205
239,Hastings,Cass,hcass6m@unicef.org,Tikiw,110.112.99.188
240,Nevsa,Wincott,nwincott6n@japanpost.jp,Dū Laīnah,218.179.126.15
241,Shelagh,Assandri,sassandri6o@oracle.com,Dumalinao,103.156.195.193
242,Cyril,Hobgen,chobgen6p@lycos.com,San Juan,255.246.220.173
243,Sydel,Malletratt,smalletratt6q@dot.gov,Longshan,20.182.247.75
244,Burnaby,Mikalski,bmikalski6r@mediafire.com,Pergamos,250.84.252.140
245,Brig,Ruckhard,bruckhard6s@microsoft.com,Fontem,166.150.78.96
246,Gayel,Beernaert,gbeernaert6t@dell.com,Magok,53.198.38.184
247,Friederike,Conklin,fconklin6u@geocities.com,Silab,208.237.63.207
248,Tiffie,Twyning,ttwyning6v@i2i.jp,Komoro,82.107.9.204
249,Arron,Greener,agreener6w@yellowpages.com,Tsalgar,28.192.120.58
250,Michael,Burgan,mburgan6x@g.co,Fumin,114.32.156.141
251,Dani,Doogood,ddoogood6y@cbc.ca,Lillehammer,229.104.220.128
252,Joycelin,McGillivray,jmcgillivray6z@pagesperso-orange.fr,Sumbuya,58.187.177.111
253,Gwenette,Rakes,grakes70@sphinn.com,Kuantan,107.215.48.168
254,Sibelle,Harriss,sharriss71@xing.com,Xinpu,143.210.8.69
255,Krista,Stickel,kstickel72@sohu.com,Sakule,17.65.99.129
256,Lissi,Kelemen,lkelemen73@go.com,Qingyang,172.54.246.112
257,Vonnie,Tedder,vtedder74@issuu.com,Niamtougou,231.153.241.252
258,Dev,Aveline,daveline75@google.co.jp,Baiima,229.148.141.12
259,Cloris,O'Corrigane,cocorrigane76@angelfire.com,Trondheim,170.174.77.190
260,Rebekkah,Brunon,rbrunon77@nymag.com,Shuozhou,116.16.187.194
261,Ortensia,Mosley,omosley78@hhs.gov,Rossosh’,214.181.179.247
262,Sky,Orman,sorman79@ucoz.ru,Catayauan,234.46.154.139
263,Marie-ann,Spaice,mspaice7a@opera.com,Hammam-Lif,40.228.118.190
264,Benedicta,Deniske,bdeniske7b@spiegel.de,Ainaži,204.174.253.81
265,Sunshine,Woodburn,swoodburn7c@mayoclinic.com,Arbaoua,157.13.246.141
266,Ki,MacSwayde,kmacswayde7d@hubpages.com,Dobratice,172.228.163.45
267,Alys,Forsdyke,aforsdyke7e@nsw.gov.au,Nice,70.251.104.75
268,Shoshana,Fitchell,sfitchell7f@uiuc.edu,San Jerónimo,106.11.120.224
269,Arlyne,Ragless,aragless7g@sina.com.cn,Kokubunji,109.92.238.121
270,Katheryn,Attyeo,kattyeo7h@opera.com,Peuhaq,204.107.159.73
271,Andromache,Mullinger,amullinger7i@studiopress.com,Kylmäkoski,134.203.26.133
272,Deni,Odlin,dodlin7j@tamu.edu,Nanlang,83.232.151.13
273,Ninette,Lumbley,nlumbley7k@seesaa.net,Heby,164.44.101.145
274,Arnaldo,Thomtson,athomtson7l@blog.com,Honghai,72.90.4.12
275,Puff,Timperley,ptimperley7m@cdbaby.com,Sanban,13.12.124.74
276,Elihu,Shore,eshore7n@unblog.fr,Guanjiabao,231.62.221.56
277,Rosamond,Bonass,rbonass7o@booking.com,Bairro,47.202.14.101
278,Matthaeus,Longega,mlongega7p@prweb.com,Beaumont,218.180.84.194
279,Iolanthe,Strattan,istrattan7q@bloomberg.com,Pyatovskiy,88.111.207.87
280,Cassaundra,Cattermull,ccattermull7r@ebay.co.uk,Nong Saeng,69.87.193.248
281,Deane,Eastlake,deastlake7s@cbc.ca,Cardona,37.205.116.218
282,Randy,Tivenan,rtivenan7t@histats.com,Youzha,112.62.219.71
283,Virgie,Forrington,vforrington7u@topsy.com,Marbel,211.225.200.227
284,Annabella,Puckett,apuckett7v@addthis.com,Gedian,58.91.241.125
285,Corby,Child,cchild7w@google.com.au,Calamba,214.235.7.194
286,Blondie,Aspenlon,baspenlon7x@engadget.com,Vidovci,61.63.170.197
287,Dionne,Etoile,detoile7y@cbslocal.com,Wanzhi,143.184.186.166
288,Celka,Twinterman,ctwinterman7z@aboutads.info,Menggusi,248.157.130.72
289,Evin,Cordner,ecordner80@telegraph.co.uk,Cartagena,192.84.131.215
290,Shannon,Tutchener,stutchener81@walmart.com,Thị Trấn Hát Lót,13.243.77.193
291,Kanya,Martina,kmartina82@goo.gl,Mikhnëvo,175.175.212.29
292,Meggie,Dafter,mdafter83@fastcompany.com,San Nicolás,164.101.13.162
293,Torin,Ambroisin,tambroisin84@eepurl.com,Zhifudao,1.155.250.28
294,Giuditta,Bretelle,gbretelle85@berkeley.edu,Vodnjan,237.227.25.123
295,Blondy,Sellek,bsellek86@wikipedia.org,Madimba,160.43.230.94
296,Edouard,Dragoe,edragoe87@xing.com,Sundsvall,14.12.158.113
297,Wright,Brickett,wbrickett88@vistaprint.com,Shimorskoye,45.114.69.129
298,Julina,Scantleberry,jscantleberry89@miitbeian.gov.cn,Lydenburg,3.195.134.137
299,Barth,Chidley,bchidley8a@behance.net,Verkhn’odniprovs’k,149.140.99.150
300,Diana,Lachaize,dlachaize8b@army.mil,Yuyue,49.98.78.66
301,Cheri,Hainey`,chainey8c@yahoo.com,Terek,79.108.247.6
302,Bibby,Thorns,bthorns8d@ucsd.edu,Antabamba,239.164.114.64
303,Camella,Banyard,cbanyard8e@sphinn.com,Mortka,168.124.10.0
304,Claribel,Cordes,ccordes8f@opensource.org,Austin,250.15.6.251
305,Levy,O'Kane,lokane8g@timesonline.co.uk,Chixi,23.1.180.4
306,Jania,Mearing,jmearing8h@theguardian.com,Bhunya,53.243.151.70
307,Wake,Dimelow,wdimelow8i@nsw.gov.au,Sadov,253.215.46.9
308,Emmey,Bradborne,ebradborne8j@apache.org,Dolati,70.167.17.180
309,Juliann,Benley,jbenley8k@seattletimes.com,Trollhättan,71.2.243.172
310,Margaret,Wickliffe,mwickliffe8l@eepurl.com,Tamontaka,27.118.250.184
311,Myrta,Trineman,mtrineman8m@paypal.com,Ambovombe,50.50.77.216
312,Gaby,Oxborough,goxborough8n@vinaora.com,Yonggu,83.211.156.240
313,Bella,MacPherson,bmacpherson8o@taobao.com,Kaligutan,57.211.28.89
314,Nert,Illes,nilles8p@usatoday.com,Nove-Misto,92.234.135.103
315,Obadias,Luce,oluce8q@mac.com,Aūa,164.75.204.53
316,Denis,Pycock,dpycock8r@marriott.com,Nairobi,214.9.151.31
317,Caressa,Caskey,ccaskey8s@facebook.com,Machov,163.233.126.149
318,Susanetta,Mattussevich,smattussevich8t@imageshack.us,Krasnokamensk,102.16.55.178
319,Timmy,Ick,tick8u@java.com,Limoges,241.79.119.126
320,Willette,Cheer,wcheer8v@uiuc.edu,Troparëvo,203.18.75.236
321,Sophia,Provost,sprovost8w@sphinn.com,Qingfeng,22.87.198.2
322,Brucie,Ondrich,bondrich8x@tripadvisor.com,Artemisa,19.200.47.239
323,Bearnard,Tudbald,btudbald8y@tmall.com,Mocun,72.116.226.251
324,Charlton,Petersen,cpetersen8z@stanford.edu,Hats’avan,105.237.151.133
325,Gloriana,Caunt,gcaunt90@php.net,Zhongying,171.127.240.147
326,Bettye,Draye,bdraye91@gnu.org,Mesa,212.47.22.248
327,Gerri,Furmston,gfurmston92@ca.gov,Langnga,108.96.33.137
328,Verney,Beaze,vbeaze93@chicagotribune.com,Libertador General San Martín,228.216.180.33
329,Allie,Reid,areid94@wikia.com,Huxiaoqiao,64.93.95.100
330,Lana,Penton,lpenton95@vk.com,Mlimba,175.196.115.67
331,Phillie,Osgardby,posgardby96@gravatar.com,Ban Chalong,20.182.249.41
332,Trescha,Enrique,tenrique97@canalblog.com,Hezheng Chengguanzhen,58.86.213.104
333,Mikel,Sandwith,msandwith98@berkeley.edu,Anle,104.113.240.32
334,Lazarus,Colbertson,lcolbertson99@bloglines.com,Sanxing,64.188.8.97
335,Becca,Turrell,bturrell9a@unicef.org,Yeysk,234.49.252.247
336,Ruy,Pelcheur,rpelcheur9b@theglobeandmail.com,Kimch’aek-si,177.213.35.228
337,Yalonda,Higgen,yhiggen9c@1und1.de,Niquelândia,172.130.102.5
338,Kizzee,Mesant,kmesant9d@shop-pro.jp,Capinzal,42.218.236.16
339,Broderick,Tease,btease9e@huffingtonpost.com,Chabany,217.179.27.11
340,Bartolemo,McCosh,bmccosh9f@nih.gov,Breves,254.172.148.235
341,Lotte,Coll,lcoll9g@who.int,Cayenne,50.100.77.148
342,Vanya,Gillogley,vgillogley9h@dailymail.co.uk,Oefatu,255.66.193.17
343,Reyna,Pinilla,rpinilla9i@uol.com.br,Zhangxi,236.10.168.141
344,Krystalle,Benny,kbenny9j@free.fr,Valparaíso,200.237.82.79
345,Abbey,MacAleese,amacaleese9k@sina.com.cn,Dzików Stary,199.232.252.46
346,Griffin,Levine,glevine9l@fema.gov,Jenamas,226.223.125.14
347,Oliviero,Traher,otraher9m@bravesites.com,Wiesbaden,133.53.112.157
348,Worth,Dunkerley,wdunkerley9n@craigslist.org,Fažana,153.180.74.164
349,Artus,Carvil,acarvil9o@imgur.com,Longju,33.247.65.16
350,Cornie,Greenside,cgreenside9p@nydailynews.com,Karasuk,14.75.108.61
351,Natassia,Blucher,nblucher9q@360.cn,Pont-Rouge,94.39.198.37
352,Krishnah,Beaten,kbeaten9r@earthlink.net,Karangranjong,190.159.54.87
353,Lorianne,Baskett,lbaskett9s@prlog.org,Khudāydād Khēl,20.103.22.247
354,Yelena,Dudding,ydudding9t@de.vu,Laboulaye,230.211.193.125
355,Luciana,Cranston,lcranston9u@hostgator.com,Matanzas,119.179.195.23
356,Jackie,Derry,jderry9v@imgur.com,Daxing,169.51.212.241
357,Mick,Caroll,mcaroll9w@furl.net,Chegutu,100.16.230.247
358,Lida,Copnell,lcopnell9x@sourceforge.net,Tōgane,153.249.145.95
359,Gianna,Kearn,gkearn9y@cnbc.com,Dujuuma,191.125.190.176
360,Eugen,De Ruggiero,ederuggiero9z@telegraph.co.uk,Solec-Zdrój,74.128.160.183
361,Laina,Cainey,lcaineya0@eventbrite.com,Al Qanāwiş,171.248.116.169
362,Bernetta,Wallicker,bwallickera1@blogger.com,Gur’yevsk,73.28.33.11
363,Ros,Zanussii,rzanussiia2@wikimedia.org,Layog,103.24.121.126
364,Marci,Di Angelo,mdiangeloa3@zimbio.com,Krebet,129.83.1.246
365,Esdras,Celez,eceleza4@booking.com,Mulchén,80.165.66.192
366,Tressa,Nobriga,tnobrigaa5@diigo.com,Kasama,106.155.216.43
367,Barney,Gomes,bgomesa6@cdbaby.com,Haugesund,206.185.20.208
368,Edyth,Trasler,etraslera7@woothemes.com,Cipolletti,216.137.198.2
369,Latrina,Boise,lboisea8@cisco.com,Cikujang,231.186.43.231
370,Nisse,McCaskill,nmccaskilla9@comcast.net,Springfield,161.247.162.229
371,Gail,Treece,gtreeceaa@weibo.com,Jiawu,76.143.221.68
372,Reta,Dalgleish,rdalgleishab@alexa.com,Huayan,220.56.221.241
373,Cordell,Trayford,ctrayfordac@shinystat.com,Labuhansumbawa,216.219.49.108
374,Johnnie,Elloy,jelloyad@prweb.com,Newport,116.177.175.189
375,Elke,Geard,egeardae@w3.org,Kalinovskoye,224.96.180.164
376,Wilma,Sinkin,wsinkinaf@spotify.com,Puma,32.30.218.26
377,Ulrika,Donegan,udoneganag@blogtalkradio.com,San Carlos,3.4.47.72
378,Malina,Yeardsley,myeardsleyah@tiny.cc,Paltamo,134.142.165.107
379,Vin,Maciocia,vmaciociaai@addtoany.com,Little Baguio,238.208.87.178
380,Morganne,Twigg,mtwiggaj@wisc.edu,Bayang,86.230.207.89
381,Paul,Males,pmalesak@google.com.au,Priozërsk,136.134.28.103
382,Vlad,Filyaev,vfilyaeval@dyndns.org,Napierville,146.176.50.2
383,Darby,Risdall,drisdallam@hibu.com,Athlone,167.29.82.117
384,Ram,Siemens,rsiemensan@pbs.org,Pa Kham,219.174.183.138
385,Darren,Gilhooly,dgilhoolyao@tumblr.com,Sydney,70.197.158.228
386,Tessa,Goodyer,tgoodyerap@linkedin.com,Kemijärvi,182.107.223.227
387,Von,Bolstridge,vbolstridgeaq@scientificamerican.com,Maiac,125.121.210.223
388,Audrye,Powdrill,apowdrillar@state.gov,Balingueo,107.70.16.251
389,Lacy,Oloman,lolomanas@tmall.com,Boka,197.190.176.130
390,Alidia,Stebbings,astebbingsat@princeton.edu,Czernice Borowe,135.73.41.47
391,Remus,Schneidau,rschneidauau@sfgate.com,Bodø,231.53.175.182
392,Laurie,Roger,lrogerav@cnbc.com,West Palm Beach,225.112.156.226
393,Bellina,Clausen-Thue,bclausenthueaw@theguardian.com,Washington,5.176.15.201
394,Aubert,Batter,abatterax@pinterest.com,Strasbourg,57.0.219.209
395,Gray,Geratasch,ggerataschay@google.co.uk,Yarmolyntsi,108.210.115.230
396,Danya,Marzelle,dmarzelleaz@epa.gov,Ventsy,151.21.82.230
397,Annie,Deener,adeenerb0@cloudflare.com,Tulusmulyo,167.175.21.247
398,Vanya,Georgius,vgeorgiusb1@networksolutions.com,Wartburg,156.52.201.201
399,Lind,Fransinelli,lfransinellib2@123-reg.co.uk,Mandráki,125.236.0.44
400,Cale,Grimmert,cgrimmertb3@dropbox.com,Toufang,142.235.239.46
401,Gauthier,Raymen,graymenb4@rambler.ru,Ciawi,104.142.104.55
402,Darrin,Peinton,dpeintonb5@tinypic.com,Santa Cruz,183.17.233.168
403,Jeffrey,Franiak,jfraniakb6@howstuffworks.com,Croix,102.139.160.130
404,Philis,Maun,pmaunb7@ameblo.jp,Pakel,95.39.251.38
405,Donal,St. Louis,dstlouisb8@newyorker.com,Velikooktyabr’skiy,198.90.16.227
406,Nathan,Burnsell,nburnsellb9@nps.gov,Pantijan No 2,22.106.70.236
407,Ingeberg,Neylan,ineylanba@redcross.org,Kalenderovci Donji,202.204.158.0
408,Hillary,Vinton,hvintonbb@edublogs.org,General La Madrid,47.202.206.110
409,Kass,McGibbon,kmcgibbonbc@angelfire.com,Neochórion,83.106.239.8
410,Sybille,Vonasek,svonasekbd@plala.or.jp,Nal’chik,123.91.166.181
411,Cicily,Gilli,cgillibe@lulu.com,Kachkanar,42.169.191.127
412,Agnella,Griffitt,agriffittbf@tumblr.com,Vozuća,97.146.27.10
413,Alia,Wallace,awallacebg@dedecms.com,Jisegumen,59.8.53.245
414,Rosabella,Havard,rhavardbh@unicef.org,Lupon,116.8.137.244
415,Kristi,Oldfield-Cherry,koldfieldcherrybi@is.gd,Hellevoetsluis,91.95.216.134
416,Aleksandr,Eggar,aeggarbj@tripod.com,Chicheng,154.12.45.151
417,Terrill,Odcroft,todcroftbk@nih.gov,Chaoyang,193.204.4.212
418,Henry,Lehenmann,hlehenmannbl@imdb.com,Ferbane,231.235.125.191
419,Tamra,Scriven,tscrivenbm@deliciousdays.com,Huoshaodian,89.139.213.92
420,Jemmy,Micallef,jmicallefbn@tamu.edu,Itigi,75.13.165.136
421,Pebrook,Custance,pcustancebo@arstechnica.com,Portland,50.192.38.217
422,Samuele,Ramet,srametbp@indiatimes.com,Kasserine,205.246.98.250
423,Adorne,Kellaway,akellawaybq@wordpress.com,Tulyushka,152.38.101.226
424,Maddie,Dowsey,mdowseybr@disqus.com,Santa Bárbara,23.203.54.226
425,Melodee,Park,mparkbs@issuu.com,Lesnoy,31.160.147.18
426,Etty,Yabsley,eyabsleybt@si.edu,Mendes,153.90.40.234
427,Kenn,Itzakovitz,kitzakovitzbu@flavors.me,Tojeira,84.8.170.207
428,Christophorus,Tomalin,ctomalinbv@nationalgeographic.com,Vellinge,123.186.74.52
429,Zia,Fealey,zfealeybw@cbslocal.com,Bajiao,9.64.136.45
430,Oran,Norridge,onorridgebx@tinyurl.com,Lysekil,96.166.106.172
431,Jill,Flint,jflintby@salon.com,Kiarajangkung,195.231.146.41
432,Terri,Gerauld,tgerauldbz@japanpost.jp,Nanyang,9.142.219.40
433,Keen,Smalecombe,ksmalecombec0@ustream.tv,Hortolândia,100.94.11.141
434,Sabra,Hearty,sheartyc1@macromedia.com,Kyzylzhar,105.114.78.15
435,Hadlee,Scowcraft,hscowcraftc2@google.es,Gia Nghĩa,229.204.233.250
436,Ella,Downie,edowniec3@mysql.com,Ríohacha,54.43.228.229
437,Alla,Mabe,amabec4@icio.us,San Isidro,51.102.120.20
438,Manolo,Fittall,mfittallc5@simplemachines.org,Xinhua,89.254.245.33
439,Alfred,Kesten,akestenc6@ezinearticles.com,Corrientes,61.18.241.71
440,Dinny,Gaspar,dgasparc7@earthlink.net,Miaoshou,98.29.112.127
441,Hyacinth,Roddie,hroddiec8@github.com,Baocun,104.242.180.80
442,Bari,Piggens,bpiggensc9@economist.com,Berlin,241.226.250.49
443,Torre,Collidge,tcollidgeca@indiegogo.com,Nankou,125.114.120.210
444,Katerine,Elmer,kelmercb@360.cn,Steinkjer,246.98.90.246
445,Nyssa,Passby,npassbycc@wiley.com,Lagkadás,147.135.182.254
446,Isa,Fowlston,ifowlstoncd@nsw.gov.au,Mikhaylovsk,134.81.184.123
447,Minette,Heikkinen,mheikkinence@theatlantic.com,Constanza,117.32.71.128
448,Merissa,Lott,mlottcf@surveymonkey.com,Proletar,155.83.232.5
449,Jehanna,Diament,jdiamentcg@woothemes.com,Pont-Audemer,121.139.60.217
450,Marian,Wison,mwisonch@wikipedia.org,Denver,104.200.162.246
451,Gardiner,Rallings,grallingsci@free.fr,Caoxi,94.200.240.199
452,Dinnie,Merington,dmeringtoncj@cargocollective.com,Bafia,80.241.31.39
453,Evangelina,Smeeton,esmeetonck@soup.io,Shicang,138.69.120.8
454,Juliet,Rounds,jroundscl@soundcloud.com,Malo,82.158.205.42
455,Barbee,Chastney,bchastneycm@merriam-webster.com,Sinilian First,7.187.59.14
456,Ileane,Holton,iholtoncn@ihg.com,Jeziora Wielkie,83.48.10.17
457,Minni,Hutson,mhutsonco@redcross.org,Banjar Pangkungkarung Kangin,152.231.28.49
458,Emlynne,Laughrey,elaughreycp@indiegogo.com,Gurinai,67.241.164.172
459,Madlin,Rudolfer,mrudolfercq@over-blog.com,Sudogda,178.25.60.95
460,Carlynn,Wearden,cweardencr@slate.com,Apitong,69.33.100.195
461,Rubetta,Lendon,rlendoncs@so-net.ne.jp,Naga,51.52.138.239
462,Robbi,Rambadt,rrambadtct@alexa.com,Akzhal,186.159.151.184
463,Petrina,Bloomer,pbloomercu@mit.edu,Hengshan,205.203.151.150
464,Korey,Plues,kpluescv@clickbank.net,Songqiao,0.54.181.99
465,Rodger,O'Crotty,rocrottycw@canalblog.com,Ingenio,211.184.14.171
466,Brendis,Doole,bdoolecx@google.nl,Tsant,23.171.208.67
467,Cammie,Gabits,cgabitscy@newsvine.com,Hucheng,218.62.101.240
468,Roi,Baulch,rbaulchcz@yolasite.com,Baniachang,186.13.121.49
469,Cyrus,Whightman,cwhightmand0@dedecms.com,Corzuela,122.70.102.134
470,Gleda,Fullager,gfullagerd1@dropbox.com,Catriel,162.156.190.230
471,Nevin,Roblou,nrobloud2@chronoengine.com,Thabazimbi,131.49.159.34
472,Nikita,Beig,nbeigd3@tuttocitta.it,Canguçu,33.225.48.204
473,Prudi,Vazquez,pvazquezd4@ezinearticles.com,Jinsha,229.177.186.166
474,Mendy,Taberner,mtabernerd5@nymag.com,Tocoa,22.23.145.196
475,Domenico,Labbe,dlabbed6@uiuc.edu,Sumurasin,48.128.107.132
476,Dannie,Bohlsen,dbohlsend7@weather.com,Kaliuling,170.103.4.9
477,Larina,Wetherill,lwetherilld8@army.mil,Panitian,234.136.247.215
478,Uriah,Zorro,uzorrod9@instagram.com,Sukamaju,149.15.19.8
479,Lexie,Tailour,ltailourda@unblog.fr,Eido,115.28.252.194
480,Hayward,Comins,hcominsdb@mtv.com,Amapala,111.189.3.201
481,May,Blankau,mblankaudc@dyndns.org,Cartí Suitupo,210.79.148.172
482,Arin,Hallworth,ahallworthdd@theatlantic.com,Haarlem,17.79.144.106
483,Skippy,Eastgate,seastgatede@hugedomains.com,San Vicente,109.30.88.6
484,Hailey,Seeman,hseemandf@ning.com,Toliara,170.190.139.103
485,Branden,Nussey,bnusseydg@mit.edu,Brzyska,18.148.162.6
486,Renato,Bourcq,rbourcqdh@usa.gov,Quma,216.117.117.188
487,Antonietta,Egger,aeggerdi@nbcnews.com,Cerkvenjak,133.9.27.118
488,Cherie,Rawson,crawsondj@smh.com.au,Trudovoye,177.5.230.146
489,Juieta,Rosborough,jrosboroughdk@wikispaces.com,Pontalina,229.244.57.13
490,Moreen,Jendrusch,mjendruschdl@seesaa.net,Wielbark,97.152.21.249
491,Elly,Nottingham,enottinghamdm@nsw.gov.au,Teknāf,242.174.132.131
492,Gregor,Dimitrie,gdimitriedn@cmu.edu,Jaguaruana,10.25.150.179
493,Albrecht,Abbe,aabbedo@wikipedia.org,Vaxholm,104.32.107.85
494,Reggi,Farnsworth,rfarnsworthdp@timesonline.co.uk,Padang,223.34.77.123
495,Penny,Boissier,pboissierdq@elegantthemes.com,Dongxi,216.17.48.117
496,Gerry,O'Sculley,gosculleydr@qq.com,Changzhou,125.148.45.194
497,Charyl,Dye,cdyeds@e-recht24.de,Huanoquite,77.21.23.13
498,Cyndi,Goddard,cgoddarddt@techcrunch.com,Winseler,78.213.1.229
499,Tierney,Gallamore,tgallamoredu@diigo.com,Malummaduri,64.37.245.182
500,Gal,Bonnet,gbonnetdv@scientificamerican.com,Jinping,74.75.76.78
501,Giffer,Waggett,gwaggettdw@indiegogo.com,Rora Timur,93.97.151.176
502,Morgun,Mawson,mmawsondx@webeden.co.uk,Lindavista,50.182.84.242
503,Dee,Barrabeale,dbarrabealedy@eepurl.com,Yaransk,217.23.193.248
504,Jerri,Senior,jseniordz@myspace.com,Tugu,126.222.1.111
505,Enrique,Domingues,edominguese0@youku.com,Banawang,29.53.111.217
506,Stefanie,Scarratt,sscarratte1@t.co,Berat,78.18.91.16
507,Gray,Angless,ganglesse2@sogou.com,Novki,81.183.29.47
508,Zsazsa,McCalum,zmccalume3@artisteer.com,Birnin Kebbi,205.27.47.27
509,Seana,Galbraith,sgalbraithe4@facebook.com,Jietou,202.71.215.64
510,Wilfrid,Kinnie,wkinniee5@apple.com,Bolorejo,19.103.194.216
511,Rici,Keable,rkeablee6@amazonaws.com,Jinniu,118.15.128.63
512,Tawsha,Eisig,teisige7@sakura.ne.jp,Tumxuk,88.92.76.25
513,David,Aymer,daymere8@ebay.com,Zaklików,169.215.219.124
514,Trula,Robbings,trobbingse9@ocn.ne.jp,Wińsko,175.210.149.225
515,Janek,Rossant,jrossantea@buzzfeed.com,El Tránsito,194.40.23.78
516,Audra,Rissen,arisseneb@mapy.cz,Fkih Ben Salah,254.110.252.213
517,Cayla,Dye,cdyeec@ask.com,Mbandaka,30.58.139.118
518,Talia,Devoy,tdevoyed@list-manage.com,Kuching,54.61.60.223
519,Estrellita,O'Rowane,eorowaneee@wisc.edu,Dole,221.5.98.200
520,Rochella,Reina,rreinaef@businesswire.com,Velyki Kopany,81.100.171.189
521,Toni,Gerbel,tgerbeleg@weibo.com,Yebaishou,17.17.227.70
522,Rikki,Creer,rcreereh@cdbaby.com,San Pedro,235.8.248.146
523,Jaymee,MacCrachen,jmaccrachenei@furl.net,Pouso Alegre,253.149.18.226
524,Viviene,Wetherburn,vwetherburnej@4shared.com,Gornyak,196.165.4.68
525,Jeddy,Noice,jnoiceek@webs.com,Peshtera,207.181.213.63
526,Austine,Slowley,aslowleyel@dagondesign.com,Křenovice,40.78.1.95
527,Doll,Bohlmann,dbohlmannem@dropbox.com,Farsta,104.17.5.113
528,Bran,Skegg,bskeggen@artisteer.com,Yahotyn,160.208.117.255
529,Carmelia,Clubley,cclubleyeo@is.gd,Toulouse,241.59.65.94
530,Tine,Milliken,tmillikenep@infoseek.co.jp,Walton,250.242.12.93
531,Gabby,Ather,gathereq@51.la,La Tebaida,195.31.99.85
532,Ramsay,Tribell,rtribeller@princeton.edu,Cimadang,100.190.80.117
533,Rene,Hosten,rhostenes@adobe.com,Loznitsa,126.145.114.58
534,Wallache,Maroney,wmaroneyet@umn.edu,Whitehorse,173.251.91.46
535,Itch,Vasiliev,ivasilieveu@jiathis.com,Reforma,129.57.199.214
536,Legra,Roj,lrojev@yelp.com,Xinheng,140.167.81.157
537,Maggi,Georgeot,mgeorgeotew@jimdo.com,Lazaro Cardenas,21.227.19.153
538,Malinda,Cameron,mcameronex@tripod.com,Dagang,128.243.128.80
539,Osborn,Feldstern,ofeldsterney@thetimes.co.uk,Calarcá,180.58.98.127
540,Joyan,Lago,jlagoez@phoca.cz,Ximapo,237.56.221.167
541,Pat,Booi,pbooif0@timesonline.co.uk,General San Martín,104.37.55.175
542,Frederico,Passfield,fpassfieldf1@yellowbook.com,Shahrak,75.92.171.106
543,Rosalinde,Gehrts,rgehrtsf2@reference.com,Sandefjord,166.98.56.255
544,Timi,Hatz,thatzf3@nifty.com,Dimbokro,79.96.121.19
545,Lauren,Doughty,ldoughtyf4@oracle.com,Banqiaodian,11.76.146.133
546,Sylas,Minards,sminardsf5@netlog.com,Boncis,102.79.143.206
547,Sutton,Wilcot,swilcotf6@nytimes.com,Bonik,16.72.108.214
548,Olivia,Krojn,okrojnf7@newsvine.com,Hanna,14.13.40.133
549,Westbrook,Janz,wjanzf8@wordpress.com,Tominian,204.183.179.159
550,Gretta,Iglesia,giglesiaf9@ucsd.edu,Cabeço,234.181.223.140
551,Jordain,Sindell,jsindellfa@noaa.gov,Bribir,141.115.126.2
552,Nelle,Osant,nosantfb@mapy.cz,Nasilava,31.251.159.225
553,Faun,Rogerson,frogersonfc@360.cn,Old Kilcullen,158.207.98.133
554,Humphrey,Gentric,hgentricfd@desdev.cn,Krasnaya Poyma,252.181.67.249
555,Milty,Martinovsky,mmartinovskyfe@blogtalkradio.com,Tierp,93.251.11.217
556,Charlena,Strafford,cstraffordff@imdb.com,Ketapang,163.100.70.121
557,Patricia,Gavriel,pgavrielfg@wp.com,Tønsberg,173.229.119.15
558,Piotr,Strickler,pstricklerfh@sitemeter.com,Kertasari,94.254.156.142
559,Lauraine,Verbruggen,lverbruggenfi@unblog.fr,Aguazul,226.57.36.112
560,Leontyne,Roubeix,lroubeixfj@drupal.org,Finiq,237.74.163.252
561,Aldridge,Flecknoe,aflecknoefk@bbb.org,Zaña,30.84.51.153
562,Jacquie,Darwood,jdarwoodfl@sourceforge.net,Chichaoua,207.157.239.26
563,Shalne,Leeburn,sleeburnfm@merriam-webster.com,Jambesari,179.165.216.29
564,Mickie,Buttle,mbuttlefn@de.vu,Sapporo,1.251.112.77
565,Silvano,Goodsir,sgoodsirfo@abc.net.au,Otrokovice,173.6.110.215
566,Saunders,Kitt,skittfp@webmd.com,Nikulino,175.220.242.161
567,Granny,McQuilty,gmcquiltyfq@howstuffworks.com,Winseler,153.128.89.233
568,Sunny,Kinkead,skinkeadfr@nih.gov,Ledoy,143.59.171.212
569,Ellsworth,Mathys,emathysfs@tripadvisor.com,Armação de Búzios,83.90.81.63
570,Kellia,Holywell,kholywellft@usatoday.com,Xiangshui,111.46.240.120
571,Sigismund,Blazynski,sblazynskifu@technorati.com,Strasbourg,214.13.113.94
572,Aurora,Skewes,askewesfv@amazon.co.jp,Enewetak,4.250.48.227
573,Brandtr,Keers,bkeersfw@pagesperso-orange.fr,Buenavista,235.62.238.233
574,Kendrick,Castledine,kcastledinefx@indiatimes.com,Bergen,212.8.206.164
575,Courtney,Bollom,cbollomfy@wunderground.com,Luoqiao,202.100.110.215
576,Lizzy,Grimsey,lgrimseyfz@nbcnews.com,Kuching,200.70.235.162
577,Honor,Shepard,hshepardg0@princeton.edu,Al Funayţīs,90.70.8.189
578,Granny,Perris,gperrisg1@toplist.cz,San Pedro de Atacama,172.98.110.76
579,Abe,Hatter,ahatterg2@soundcloud.com,Cruzeiro do Sul,196.63.134.17
580,Gerianne,Bogies,gbogiesg3@youku.com,Agnibilékrou,201.189.34.72
581,Ynez,Bodycombe,ybodycombeg4@ucla.edu,Ilihan,191.65.213.210
582,Emelyne,Jeanin,ejeaning5@icq.com,Agrela,91.48.104.203
583,Jackelyn,Orpen,jorpeng6@geocities.com,Saraktash,185.30.78.57
584,Cal,Unstead,cunsteadg7@last.fm,Santa Nino,93.76.232.11
585,Marigold,Lakeland,mlakelandg8@washington.edu,Morioka-shi,165.184.24.38
586,Charmine,Scare,cscareg9@adobe.com,Cirangga Kidul,93.130.232.28
587,Hillard,Pilipyak,hpilipyakga@apple.com,Morón,207.64.196.251
588,Moritz,Imlacke,mimlackegb@ucsd.edu,Chambly,21.2.121.6
589,Letisha,Webland,lweblandgc@nyu.edu,Benito Juarez,106.31.199.100
590,Barnard,Abramof,babramofgd@tiny.cc,Sūrak,50.136.74.186
591,Corbie,Matley,cmatleyge@google.es,Ferreira do Alentejo,15.254.224.115
592,Sylas,Haet,shaetgf@wordpress.com,Mali Iđoš,81.61.135.230
593,Paulo,Harbin,pharbingg@aol.com,Shimo-furano,251.55.132.27
594,Pall,Billson,pbillsongh@boston.com,Pasatan,243.90.74.57
595,Samson,Sweeting,ssweetinggi@posterous.com,Kemuning,244.155.44.159
596,Sumner,Jurick,sjurickgj@businessinsider.com,Kandava,0.195.214.184
597,Stefanie,Yanshonok,syanshonokgk@instagram.com,Petrovsk,246.130.80.16
598,Phylis,Dionisetti,pdionisettigl@yahoo.co.jp,Anserma,209.122.239.146
599,Arline,Midghall,amidghallgm@list-manage.com,Ozëry,151.119.250.38
600,Nesta,Fellgate,nfellgategn@geocities.jp,Bitanjuan,208.49.145.216
601,Neal,O'Donoghue,nodonoghuego@live.com,Phlapphla Chai,226.179.120.218
602,Seka,Sherry,ssherrygp@ocn.ne.jp,Nzega,175.88.51.73
603,Dela,Glanvill,dglanvillgq@mtv.com,Itzig,168.155.134.104
604,Ingelbert,Babcock,ibabcockgr@prnewswire.com,Affery,147.236.90.252
605,Mollie,Longea,mlongeags@arizona.edu,Kōnan,130.140.67.46
606,Lira,Smorfit,lsmorfitgt@npr.org,Juiz de Fora,234.171.199.172
607,Irvin,Cheyenne,icheyennegu@ft.com,Samir,47.116.68.111
608,Cheryl,Staig,cstaiggv@thetimes.co.uk,Videira,133.163.79.43
609,Giuseppe,Catherick,gcatherickgw@dailymotion.com,Eastern Suburbs Mc,71.53.162.227
610,Lu,Ghirardi,lghirardigx@ucla.edu,Sirghāyā,44.131.56.237
611,Antonina,Simeons,asimeonsgy@furl.net,San Antonio,226.23.50.14
612,Leticia,Vane,lvanegz@cbc.ca,Bambas,246.247.118.222
613,Sebastien,Genders,sgendersh0@google.nl,As Sālimīyah,175.74.200.216
614,Dreddy,MacNelly,dmacnellyh1@deliciousdays.com,Miłosław,163.236.96.67
615,Glyn,Skaif,gskaifh2@bizjournals.com,Santander,104.46.17.75
616,Sigmund,Coote,scooteh3@sciencedaily.com,Paulba,66.227.175.97
617,Amata,Le Huquet,alehuqueth4@google.co.jp,Guanxi,157.213.43.4
618,Marylin,Coppins,mcoppinsh5@amazon.co.uk,Barapas,119.255.85.206
619,Ashli,Davydoch,adavydochh6@narod.ru,Rurrenabaque,119.180.242.198
620,Marven,Chase,mchaseh7@rakuten.co.jp,Pueblo Nuevo,32.28.209.37
621,Filide,Dafter,fdafterh8@vk.com,Tsévié,34.219.227.48
622,Minnie,Caudrey,mcaudreyh9@ucoz.com,Zinat,191.86.33.254
623,Ignatius,Shakspeare,ishakspeareha@miibeian.gov.cn,Colca,96.252.59.62
624,Cyrus,Wabey,cwabeyhb@gravatar.com,Alvand,128.91.64.52
625,Gregg,Beynkn,gbeynknhc@about.com,Zhangcun,217.208.240.244
626,Darren,Mangenet,dmangenethd@networksolutions.com,Pregradnaya,146.254.15.235
627,Christiano,Ciepluch,cciepluchhe@paginegialle.it,Korfovskiy,98.118.40.103
628,Reamonn,Wade,rwadehf@patch.com,Huangmei,105.119.229.251
629,Darryl,Abriani,dabrianihg@netscape.com,Karis,95.23.134.205
630,Hercules,Rawls,hrawlshh@shinystat.com,Tilburg,112.103.83.116
631,Roxi,Dellenty,rdellentyhi@hostgator.com,Mtimbira,3.67.23.247
632,Stavro,Agent,sagenthj@elpais.com,Kuala Lumpur,190.252.39.201
633,Nichols,Barajaz,nbarajazhk@desdev.cn,Pepayan,8.42.122.48
634,Betsey,Gammage,bgammagehl@pinterest.com,Dabao’anzhen,79.195.70.142
635,Gradeigh,Kleisle,gkleislehm@nymag.com,Uzdin,117.115.13.216
636,Allard,McHan,amchanhn@utexas.edu,Marseille,122.76.220.53
637,Fredra,Schops,fschopsho@artisteer.com,Maguan,75.184.89.131
638,Misha,Caskey,mcaskeyhp@diigo.com,Patria,158.119.52.35
639,Corine,Potebury,cpoteburyhq@webs.com,Changlong,81.86.118.146
640,Stanfield,Pietzke,spietzkehr@twitter.com,Kolbudy,105.232.124.59
641,Rose,Cantero,rcanterohs@washington.edu,Quelimane,116.59.73.82
642,Evangelia,Mathwin,emathwinht@ifeng.com,Pindaré Mirim,107.253.49.68
643,Jeralee,Brazelton,jbrazeltonhu@google.com.hk,Xiaohenglong,76.175.41.219
644,Sherill,Pallister,spallisterhv@cnbc.com,La Habana Vieja,150.111.40.60
645,Reed,Vicarey,rvicareyhw@addtoany.com,Kagay,109.74.210.10
646,Ardenia,Bindin,abindinhx@ebay.com,Los Charrúas,173.76.213.98
647,Jean,Phripp,jphripphy@addtoany.com,Kota Kinabalu,29.186.198.220
648,Elva,Savory,esavoryhz@jugem.jp,Alīābad,50.210.162.83
649,Shir,Eberst,sebersti0@ifeng.com,Larvik,0.186.180.7
650,Leonardo,Blune,lblunei1@dyndns.org,Hyrynsalmi,122.244.87.170
651,Giff,Salsberg,gsalsbergi2@irs.gov,Eséka,152.32.167.232
652,Cherry,Eat,ceati3@dropbox.com,Binangun,204.217.174.148
653,Demetri,Duckett,dducketti4@scribd.com,Longueuil,92.226.197.233
654,Harley,Race,hracei5@g.co,Nantes,111.98.248.69
655,Durward,Pomphrey,dpomphreyi6@cbc.ca,Masalovka,115.164.160.111
656,Swen,Fernao,sfernaoi7@sun.com,Hashtpar,97.225.22.154
657,Fiann,Kinvig,fkinvigi8@spiegel.de,Wanghu,127.205.23.56
658,Ryley,Verheijden,rverheijdeni9@discovery.com,Punat,126.139.115.137
659,Gaye,Blankau,gblankauia@dyndns.org,Khong,213.137.169.89
660,Sherwin,Ochterlonie,sochterlonieib@un.org,Jarabacoa,213.209.90.37
661,Roxane,Orrock,rorrockic@deliciousdays.com,Mae Wang,146.162.43.77
662,Kerrie,Jobbings,kjobbingsid@topsy.com,Colorado Springs,118.224.135.24
663,Dee,Rheam,drheamie@redcross.org,Guardizela,234.230.108.77
664,Sheffield,Cutting,scuttingif@com.com,Waiwejak,210.41.109.159
665,Bill,MacGaughy,bmacgaughyig@bizjournals.com,Chengnan,205.21.229.64
666,Cesare,Ferdinand,cferdinandih@google.ru,Tuguan,190.65.219.68
667,Homer,Denacamp,hdenacampii@fotki.com,Hangou,34.52.234.129
668,Casey,Surridge,csurridgeij@imgur.com,Bárrio,216.247.16.104
669,Sherwin,Swaffer,sswafferik@behance.net,Galaz,93.127.136.78
670,Lisetta,Tabourin,ltabourinil@qq.com,Haurpanggung,145.209.102.251
671,Fraser,Yorke,fyorkeim@oracle.com,Bojongsarung,147.8.23.251
672,Vachel,Btham,vbthamin@nba.com,Pineleng,225.35.195.253
673,Gnni,Fookes,gfookesio@paypal.com,Ilihan,154.124.96.246
674,Vance,Stockings,vstockingsip@craigslist.org,Tarłów,69.163.122.9
675,Almeda,Letham,alethamiq@china.com.cn,Aragua de Barcelona,162.114.190.216
676,Darcie,Imlock,dimlockir@amazon.co.uk,Zakamensk,110.132.194.161
677,Sena,McIleen,smcileenis@cloudflare.com,Bugembe,244.39.60.201
678,Ferdinand,Escala,fescalait@mayoclinic.com,Manchioneal,187.176.23.99
679,Tildie,Joss,tjossiu@wordpress.org,Gurupi,182.208.190.103
680,Rip,Demaid,rdemaidiv@baidu.com,San Julian,39.88.168.5
681,Ignacius,Struys,istruysiw@newyorker.com,Norberg,1.242.219.104
682,Stormi,Hebden,shebdenix@accuweather.com,Datun,186.180.189.101
683,Barty,Noell,bnoelliy@uiuc.edu,Jingouhe,204.137.201.22
684,Deeann,Wallenger,dwallengeriz@cbc.ca,Sinisian,158.45.109.181
685,Marlowe,Crayker,mcraykerj0@lycos.com,Mancos,155.2.221.35
686,Germain,Boydle,gboydlej1@cloudflare.com,Tomarovka,182.168.172.91
687,Hewett,Mee,hmeej2@techcrunch.com,Blatná,177.126.74.42
688,Glenine,Houndsom,ghoundsomj3@youtu.be,Milán,105.201.107.31
689,Fraser,Charke,fcharkej4@eepurl.com,Mvuma,146.248.101.4
690,Glenn,Mughal,gmughalj5@istockphoto.com,Uchaly,75.19.84.121
691,Louella,Hinckes,lhinckesj6@businessinsider.com,Požarevac,184.82.188.56
692,Tibold,O'Crigan,tocriganj7@virginia.edu,Punkaharju,202.46.245.253
693,Sly,Dash,sdashj8@zdnet.com,Västerås,125.222.131.240
694,Mordecai,Tranmer,mtranmerj9@webmd.com,Tankhoy,231.223.177.244
695,Averil,Parlet,aparletja@abc.net.au,La Loma,156.191.245.233
696,Melita,Rogerson,mrogersonjb@photobucket.com,Cikadu,206.53.35.115
697,Edsel,Reddington,ereddingtonjc@ifeng.com,Bolnisi,158.40.164.187
698,Tara,Wanderschek,twanderschekjd@jugem.jp,Pacasmayo,14.160.45.239
699,Carla,Menham,cmenhamje@icq.com,Gabú,16.186.199.152
700,Deeann,Lundbech,dlundbechjf@archive.org,Desnogorsk,136.253.171.132
701,Ursuline,D'eath,udeathjg@sphinn.com,Haoxue,86.182.130.67
702,Jessee,Sertin,jsertinjh@flickr.com,Épinal,190.187.184.217
703,Latashia,Elvey,lelveyji@delicious.com,Guararé,205.234.136.146
704,Arabela,Febry,afebryjj@apache.org,Makoba,222.242.144.209
705,Harper,Folomkin,hfolomkinjk@istockphoto.com,Icheon-si,189.28.18.139
706,Ransom,Colkett,rcolkettjl@twitter.com,El Peñol,198.34.214.162
707,Kore,Kingsnode,kkingsnodejm@jugem.jp,Gołkowice,156.132.5.171
708,Helaina,Edelston,hedelstonjn@aol.com,Angono,54.219.178.0
709,Farrand,Loton,flotonjo@angelfire.com,Banjar Tengah,135.51.58.135
710,Cameron,McKinie,cmckiniejp@arizona.edu,Ḩablah,117.67.226.31
711,Cyndie,Leggett,cleggettjq@sciencedirect.com,Peña,221.51.200.242
712,Jammie,Sleeman,jsleemanjr@histats.com,Leworook,231.210.145.171
713,Meghann,Toothill,mtoothilljs@dot.gov,Weixing,192.28.23.217
714,Justinian,Vigne,jvignejt@sciencedirect.com,Nakonde,106.201.62.237
715,Lonee,Westmerland,lwestmerlandju@who.int,Hetou,240.222.131.191
716,Korry,Robeson,krobesonjv@cornell.edu,Kalodzishchy,94.245.4.123
717,Ambrosio,Stellino,astellinojw@sitemeter.com,Lesichevo,118.30.60.101
718,Merralee,MacDwyer,mmacdwyerjx@netlog.com,Basīrpur,134.150.73.156
719,Shandee,Gaddes,sgaddesjy@cam.ac.uk,Katrineholm,226.60.90.21
720,Rozalin,Surgey,rsurgeyjz@cam.ac.uk,Sarandi,170.58.106.120
721,Englebert,Sandell,esandellk0@go.com,Middleton,169.105.158.129
722,Giuseppe,Coxen,gcoxenk1@zimbio.com,Wonosari,238.114.107.217
723,Pen,Francie,pfranciek2@narod.ru,Pulaupanggung,132.44.242.242
724,Miller,Siegertsz,msiegertszk3@sfgate.com,Chicacao,132.85.154.97
725,Pat,Scrivinor,pscrivinork4@earthlink.net,Yantian,6.173.251.166
726,Dorothy,Lemmen,dlemmenk5@exblog.jp,Leluo,157.115.98.72
727,Modestine,Danielkiewicz,mdanielkiewiczk6@sbwire.com,Otaniemi,181.154.194.57
728,Miner,Micklewright,mmicklewrightk7@epa.gov,Carvalhal da Aroeira,204.153.46.177
729,Patsy,Romagosa,promagosak8@bluehost.com,Panbang,219.129.30.134
730,Hedvig,Leil,hleilk9@ca.gov,Lorengau,58.147.46.175
731,Electra,Grigaut,egrigautka@theglobeandmail.com,Sanli,52.121.218.139
732,Hally,Iacomi,hiacomikb@smugmug.com,Uruzgān,204.62.11.221
733,Weston,Borland,wborlandkc@blog.com,Las Higueras,4.191.95.117
734,Giraud,Jeayes,gjeayeskd@friendfeed.com,Jintun,24.106.167.21
735,Raul,Dolder,rdolderke@sina.com.cn,Brodek u Přerova,229.174.169.248
736,Ursola,Lipmann,ulipmannkf@scribd.com,Huillapima,5.228.172.203
737,Reinaldo,Cornelis,rcorneliskg@hatena.ne.jp,Busuanga,188.83.127.146
738,Joannes,Bretelle,jbretellekh@deliciousdays.com,Marisgama,240.117.95.123
739,Guido,Toppin,gtoppinki@census.gov,Plewiska,235.94.254.199
740,Richmound,Roblin,rroblinkj@g.co,Ţahţā,25.222.42.65
741,Ezri,Kendrick,ekendrickkk@woothemes.com,Boguszów-Gorce,169.214.29.23
742,Phip,Aspinwall,paspinwallkl@wiley.com,Nova Viçosa,67.205.217.170
743,Seline,Arr,sarrkm@flavors.me,Xinhe,5.54.186.24
744,Vittorio,Hardison,vhardisonkn@seesaa.net,Jomboy,210.231.243.226
745,Valentine,Beddow,vbeddowko@gizmodo.com,Amirdzhan,108.22.243.156
746,Teddy,Prangnell,tprangnellkp@google.nl,Sinacaban,30.42.229.197
747,Alma,Wickwar,awickwarkq@wufoo.com,Kurayyimah,174.249.122.31
748,Minta,Van Brug,mvanbrugkr@gov.uk,Jeffersonville,73.148.236.208
749,Giuditta,Grinikhin,ggrinikhinks@1und1.de,Zhongxiao,203.111.87.169
750,Andra,Petri,apetrikt@shop-pro.jp,Huayllabamba,13.45.31.105
751,Arly,Lyford,alyfordku@usgs.gov,Camanducaia,48.216.242.104
752,Joell,Rylstone,jrylstonekv@columbia.edu,Kyaiklat,199.171.50.74
753,Idette,Weafer,iweaferkw@free.fr,Shibganj,31.178.102.133
754,Corabel,Tranckle,ctrancklekx@npr.org,Andahuaylas,88.104.224.128
755,Miller,Pedrozzi,mpedrozziky@tmall.com,Cibangun Tengah,201.93.188.62
756,Blythe,O'Gaven,bogavenkz@goo.ne.jp,Göteborg,180.194.51.120
757,Reg,Andreucci,randreuccil0@paginegialle.it,Abbottābād,1.41.37.72
758,Jackie,McTrusty,jmctrustyl1@jiathis.com,Barengkok,212.118.80.129
759,Bondy,Brigstock,bbrigstockl2@tripod.com,Чучер - Сандево,164.108.61.242
760,Jenilee,Trotton,jtrottonl3@merriam-webster.com,Lewolen,2.116.34.171
761,Ardith,Bear,abearl4@bravesites.com,Saryg-Sep,138.207.137.52
762,Gearard,Weale,gwealel5@redcross.org,Paitan,113.78.128.247
763,Grazia,Pencot,gpencotl6@time.com,La Eduvigis,200.83.99.129
764,Bryant,Penelli,bpenellil7@cbslocal.com,Karangharjo,102.67.48.156
765,Nara,Thebe,nthebel8@fc2.com,Daping,140.108.64.241
766,Mike,Simkins,msimkinsl9@europa.eu,Huimin,137.8.1.228
767,Fee,Nowakowski,fnowakowskila@multiply.com,Dolores,249.194.138.129
768,Davin,Olyet,dolyetlb@eventbrite.com,Nassarawa,124.17.30.252
769,Saunderson,Wells,swellslc@digg.com,Yatsuomachi-higashikumisaka,173.132.105.226
770,Trevor,Messier,tmessierld@blogtalkradio.com,Huskvarna,52.103.97.65
771,Regan,Parkman,rparkmanle@noaa.gov,Chimboy Shahri,26.221.169.163
772,Yance,Gecks,ygeckslf@360.cn,Usevia,188.123.195.252
773,Luciano,Banasevich,lbanasevichlg@deliciousdays.com,Kramarzówka,196.88.176.234
774,Louise,Luesley,lluesleylh@github.io,Tinta,226.134.167.94
775,Myrtle,Buesnel,mbuesnelli@cnbc.com,Pidigan,80.162.227.185
776,Andrey,Doward,adowardlj@nyu.edu,Kalmar,170.142.20.135
777,Noelyn,Foord,nfoordlk@github.io,Nanchangshan,235.96.47.6
778,Ailey,Bute,abutell@zdnet.com,Skomlin,96.101.253.211
779,Kyle,Pestor,kpestorlm@kickstarter.com,Sanhe,134.153.252.104
780,Faith,Solloway,fsollowayln@microsoft.com,Blagoevgrad,182.186.66.173
781,Wolf,Rabb,wrabblo@unblog.fr,A dos Negros,90.51.59.5
782,Georgette,Nixon,gnixonlp@washington.edu,Karangtengah Lor,80.73.101.112
783,Fleming,Child,fchildlq@ycombinator.com,Guaxupé,194.66.4.113
784,Ronica,Piken,rpikenlr@psu.edu,Madur,250.234.204.33
785,Harley,Wathan,hwathanls@biblegateway.com,Rennebu,214.178.32.220
786,Ansel,De Metz,ademetzlt@ucla.edu,Sigaboy,71.9.247.116
787,Clerissa,Priter,cpriterlu@bloglines.com,Podstrana,87.192.235.243
788,Shelley,Napolitano,snapolitanolv@issuu.com,Praia da Vagueira,158.234.81.66
789,Ashia,Echalie,aechalielw@washington.edu,Mošorin,173.247.184.180
790,Arnold,Byre,abyrelx@ca.gov,Bralin,148.113.66.0
791,Catarina,Couroy,ccouroyly@topsy.com,Ovsyanka,112.223.44.31
792,Giordano,Instrell,ginstrelllz@cafepress.com,Itapuranga,211.75.120.41
793,Dedie,de'-Ancy Willis,ddeancywillism0@feedburner.com,Javarthushuu,227.112.247.241
794,Jacquetta,Gomez,jgomezm1@techcrunch.com,Turkestan,44.118.213.185
795,Franny,Beldon,fbeldonm2@yellowpages.com,Saurimo,246.35.115.168
796,Brier,Pettecrew,bpettecrewm3@flickr.com,Nsukka,168.188.150.102
797,Tish,Pea,tpeam4@craigslist.org,El Benque,242.84.197.40
798,Emmott,Lethbrig,elethbrigm5@shinystat.com,Haitang,223.140.159.153
799,Elva,Murty,emurtym6@icio.us,Balud,4.153.195.24
800,Abbye,Knath,aknathm7@foxnews.com,Banqiao,254.85.45.42
801,Ingra,Hansford,ihansfordm8@bloomberg.com,Tobelo,139.204.57.22
802,Morganne,Titmuss,mtitmussm9@behance.net,Turba,57.228.95.176
803,Ashli,Cardew,acardewma@com.com,Herne,144.224.45.5
804,Sargent,Stansbury,sstansburymb@unc.edu,Shilaoren,12.49.105.12
805,Elicia,Madison,emadisonmc@craigslist.org,San Sebastian,72.56.73.86
806,Llywellyn,Reuble,lreublemd@naver.com,Flores da Cunha,97.199.131.88
807,Dominique,Haton,dhatonme@unc.edu,Bernardo de Irigoyen,42.206.218.146
808,Babbette,McGrayle,bmcgraylemf@webeden.co.uk,Ringinrejo,82.109.247.228
809,Nina,Leyborne,nleybornemg@sfgate.com,Tianmuhu,39.172.176.247
810,Morgan,Munslow,mmunslowmh@sciencedirect.com,Quanling,255.221.173.135
811,Fredra,O'Lahy,folahymi@arizona.edu,Beauceville,210.36.59.242
812,Roxi,Skahill,rskahillmj@ted.com,Bergen,136.248.232.183
813,Maurizia,Spenton,mspentonmk@dropbox.com,Sundbyberg,18.9.170.19
814,Archibald,Bortolazzi,abortolazziml@google.it,Kampokpok,69.54.50.26
815,Julienne,Shewen,jshewenmm@linkedin.com,Fizuli,0.34.170.71
816,Hagan,Smullin,hsmullinmn@people.com.cn,Longqiao,240.138.148.61
817,Van,Verlinden,vverlindenmo@tumblr.com,Aughrim,94.114.11.202
818,Norean,Weeds,nweedsmp@google.com.br,Atlanta,163.190.153.18
819,Jay,Gurry,jgurrymq@imageshack.us,Kępie Żaleszańskie,67.131.142.143
820,Dix,Dorro,ddorromr@topsy.com,Sherwood Park,87.73.135.208
821,Harmonia,Cardenas,hcardenasms@illinois.edu,Sangojar,54.155.57.220
822,Kristal,Trask,ktraskmt@mozilla.com,Aix-en-Provence,90.226.232.22
823,Koralle,Ida,kidamu@cyberchimps.com,Alès,188.234.210.61
824,Torrence,Seczyk,tseczykmv@army.mil,Jablah,130.188.171.193
825,Uri,Leipelt,uleipeltmw@tinypic.com,Shimonoseki,49.100.14.129
826,Rusty,Ostridge,rostridgemx@scribd.com,Samanggen,198.13.185.253
827,Leanor,Else,lelsemy@sitemeter.com,Limbuhan,172.155.194.67
828,Cassie,Jorg,cjorgmz@ca.gov,Shorko,106.151.181.218
829,Rhodia,Allender,rallendern0@cbsnews.com,Nagrumbuan,18.24.218.33
830,Zeb,Erskine,zerskinen1@unblog.fr,Chinch'ŏn,89.20.216.170
831,Clemence,Ratter,crattern2@jugem.jp,Butwāl,170.214.78.181
832,Mannie,Kenewel,mkeneweln3@google.com.hk,Jinghong,10.162.174.128
833,Franciska,Taphouse,ftaphousen4@360.cn,Thị Trấn Việt Lâm,168.94.99.237
834,Carlita,Elven,celvenn5@goo.ne.jp,Askiz,18.229.171.116
835,Johnny,Jays,jjaysn6@paypal.com,Galtek,170.93.104.69
836,Deane,MacIan,dmaciann7@hostgator.com,Banyo,233.207.38.194
837,Carmela,Keppie,ckeppien8@bing.com,Quatro Barras,156.142.129.130
838,Benita,Carswell,bcarswelln9@unicef.org,Eséka,64.71.246.8
839,Norina,Bourhill,nbourhillna@sciencedirect.com,Morfovoúni,6.9.237.220
840,Faith,Byrth,fbyrthnb@ebay.com,Salto,180.210.72.64
841,Ivy,Hewson,ihewsonnc@aol.com,Elbasan,5.231.147.89
842,Redford,Giorgione,rgiorgionend@princeton.edu,Sitularang Landeuh,251.87.142.9
843,Bird,Sheara,bshearane@usnews.com,Lingquan,214.145.143.90
844,Antonia,Edgeon,aedgeonnf@sun.com,Tiaodeng,168.72.42.28
845,Brittan,Swain,bswainng@nbcnews.com,Wuyao,26.190.133.151
846,Brooke,Budibent,bbudibentnh@umn.edu,Villa Dolores,139.250.124.165
847,Dorolice,Thurstance,dthurstanceni@ifeng.com,Qinglin,178.242.184.195
848,Matti,Roseblade,mrosebladenj@nymag.com,Donskoye,137.3.171.116
849,Lonee,Burdus,lburdusnk@jigsy.com,Triesenberg,71.106.8.203
850,Allina,Tamsett,atamsettnl@blog.com,Yarumela,194.28.53.81
851,Wells,Freschi,wfreschinm@economist.com,Mantalongon,125.171.20.143
852,Janette,Follan,jfollannn@opera.com,San Martín Zapotitlán,149.44.100.132
853,Osborn,Spensley,ospensleyno@goo.gl,Pedra Azul,19.178.5.5
854,Ilaire,Cortin,icortinnp@quantcast.com,El Mirador,67.175.124.63
855,Sibel,Dow,sdownq@de.vu,Siso,125.234.92.148
856,Borg,Balazs,bbalazsnr@toplist.cz,Hongmen,155.168.4.97
857,Chad,Dashkov,cdashkovns@miibeian.gov.cn,Ljungby,179.45.26.215
858,Dosi,Tott,dtottnt@google.com.br,Petite Anse,191.24.59.113
859,Felike,Darwen,fdarwennu@sourceforge.net,Río Campo,123.13.64.188
860,Rosene,Apps,rappsnv@google.com.hk,Nantes,218.6.235.227
861,Marlena,Drewes,mdrewesnw@webs.com,Skövde,118.163.4.165
862,Edgar,Sharpe,esharpenx@mapy.cz,Montaneza,197.103.239.120
863,Gerald,Derham,gderhamny@wp.com,Mojokerto,178.44.242.112
864,Trenton,Turpin,tturpinnz@nyu.edu,Kista,189.67.28.161
865,Andrej,Scambler,ascamblero0@storify.com,Setonokalong,215.216.158.84
866,Myrvyn,Nowakowska,mnowakowskao1@utexas.edu,Yangshan,187.51.97.31
867,Willa,Ormiston,wormistono2@hc360.com,Ore,172.167.20.73
868,Tris,Itzcovichch,titzcovichcho3@sbwire.com,Taquari,185.192.231.105
869,Marcel,Guihen,mguiheno4@elpais.com,Zhovkva,7.53.183.184
870,Bowie,Leele,bleeleo5@archive.org,Yaurisque,249.75.213.189
871,Shelley,Merrgen,smerrgeno6@liveinternet.ru,Shigou,198.204.154.187
872,Ludvig,Cassie,lcassieo7@ucoz.ru,Belyayevka,186.177.228.116
873,Ashbey,Batstone,abatstoneo8@dot.gov,Fonteleite,76.66.112.21
874,Nanny,Gilders,ngilderso9@nature.com,Amga,228.47.96.252
875,Tricia,Tubb,ttubboa@elegantthemes.com,Lavaltrie,192.112.190.193
876,Gregory,Kolis,gkolisob@wsj.com,San Isidro,51.94.243.231
877,Shara,Matusiak,smatusiakoc@goodreads.com,Winnica,192.215.79.80
878,Jilli,Patise,jpatiseod@reuters.com,La Loma,141.159.211.79
879,Kimberley,Chisnell,kchisnelloe@patch.com,Lijiang,87.72.179.0
880,Linet,Spurriar,lspurriarof@sfgate.com,Harstad,0.18.103.0
881,Eleen,Joris,ejorisog@guardian.co.uk,Yaruchel,173.64.77.176
882,Magnum,Sollam,msollamoh@latimes.com,Da’an,138.217.190.59
883,Anson,Swanwick,aswanwickoi@mysql.com,La Suiza,234.177.173.209
884,Inesita,Broschek,ibroschekoj@yahoo.com,Zhongzi,198.170.13.72
885,Ermina,Mendez,emendezok@shutterfly.com,Wangren,26.20.103.147
886,Abelard,Seston,asestonol@economist.com,San Jacinto,160.233.147.110
887,Darcy,Toffetto,dtoffettoom@irs.gov,Svetogorsk,248.95.123.68
888,Shannan,Murney,smurneyon@topsy.com,Yangping,106.218.13.119
889,Elisha,Skein,eskeinoo@mapquest.com,Wysoka,228.23.164.211
890,Michel,Kensall,mkensallop@spotify.com,Shizi,160.185.87.30
891,Brandice,Storks,bstorksoq@ca.gov,Vis,91.208.27.210
892,Alain,Cordero,acorderoor@odnoklassniki.ru,Bantarmangu,65.224.160.101
893,Shawn,Ferrucci,sferruccios@umich.edu,Lubasz,129.87.201.63
894,Margalo,Staunton,mstauntonot@vimeo.com,Bang Racham,132.150.26.105
895,Lorita,Klaff,lklaffou@dyndns.org,Succha,142.124.10.149
896,Johann,Adamovitch,jadamovitchov@technorati.com,Tuxi,251.9.75.168
897,Nanice,Simanenko,nsimanenkoow@mysql.com,Sơn Trà,195.174.97.53
898,Pascale,Goch,pgochox@people.com.cn,Zhongshangang,126.106.231.216
899,Yehudi,Albone,yalboneoy@mac.com,Qimeng,41.202.177.208
900,Amalle,Bunclark,abunclarkoz@privacy.gov.au,Желино,123.188.74.190
901,Darrick,Franceschino,dfranceschinop0@bluehost.com,Tasböget,3.110.70.17
902,Kat,Habbergham,khabberghamp1@seesaa.net,Hedi,233.142.5.242
903,Kellen,Blaes,kblaesp2@naver.com,Rakaia,71.145.168.29
904,Zechariah,Meindl,zmeindlp3@salon.com,Yanglinshi,45.218.106.124
905,Arlen,Triplett,atriplettp4@yahoo.co.jp,Baltimore,233.106.187.16
906,Cecilla,Koles,ckolesp5@nature.com,Mianay,105.0.216.178
907,Hedwiga,Elegood,helegoodp6@amazon.co.jp,Arari,166.37.141.191
908,Cyndy,Anersen,canersenp7@mediafire.com,Sumaré,134.237.193.104
909,Berke,Texton,btextonp8@istockphoto.com,Wudan,33.16.31.76
910,Sharity,De La Hay,sdelahayp9@example.com,Goya,83.213.97.174
911,Tisha,Proughten,tproughtenpa@uiuc.edu,Sokol,146.210.192.255
912,Nye,Toolan,ntoolanpb@ucsd.edu,Al Başrah,212.10.54.170
913,Jackquelin,Sansun,jsansunpc@meetup.com,Planken,71.106.246.224
914,Olvan,Sauven,osauvenpd@psu.edu,Longquan,128.137.159.134
915,Donella,Lynes,dlynespe@aboutads.info,Piedra del Águila,176.225.30.223
916,Woodie,Lozano,wlozanopf@ca.gov,Masaya,222.175.95.248
917,Courtney,Cranshaw,ccranshawpg@goo.gl,Ljupina,37.45.138.18
918,Jackquelin,Senior,jseniorph@google.cn,Cicuco,142.164.250.51
919,Marissa,Adami,madamipi@woothemes.com,Brusy,154.251.73.21
920,Zachary,Chelsom,zchelsompj@cmu.edu,Ishëm,14.100.248.26
921,Antonie,Abramino,aabraminopk@nature.com,Koltubanovskiy,227.143.195.126
922,Saidee,Sorbey,ssorbeypl@over-blog.com,Trabulheira,240.217.134.228
923,Harrietta,Mowbray,hmowbraypm@e-recht24.de,Helixi,141.204.230.164
924,Terza,Hush,thushpn@imageshack.us,Kristianstad,132.131.219.61
925,Berthe,Hehir,bhehirpo@alibaba.com,Dananyu,162.4.197.183
926,Bronnie,Brunnstein,bbrunnsteinpp@ycombinator.com,Igbor,54.208.63.173
927,Janaye,Choat,jchoatpq@icq.com,Sumberejo,183.25.179.25
928,Morten,Marcone,mmarconepr@tinyurl.com,Xianglong,187.69.32.27
929,Dene,Ech,dechps@youtu.be,Biito,142.70.54.96
930,Imojean,Younglove,iyounglovept@yolasite.com,Puerto Maldonado,133.206.243.164
931,Janeva,Boyer,jboyerpu@mediafire.com,Srubec,100.252.104.47
932,Nil,O'Donnelly,nodonnellypv@imdb.com,Goúrnes,89.207.240.178
933,Terrye,Jiroudek,tjiroudekpw@cornell.edu,Shakhtars’k,245.47.46.90
934,Betteanne,Bursnoll,bbursnollpx@who.int,Detroit,197.172.10.233
935,Brander,Leer,bleerpy@theatlantic.com,Cran-Gevrier,68.100.62.211
936,Ynez,Dyzart,ydyzartpz@hugedomains.com,Merlo,242.98.236.10
937,Redford,Lawlance,rlawlanceq0@ow.ly,Tougan,249.139.150.137
938,Asia,Cocklie,acocklieq1@foxnews.com,Kyzylorda,21.224.141.69
939,Isidora,Ellson,iellsonq2@pcworld.com,Ciudad Cortés,246.21.117.172
940,Bobbi,Pendlington,bpendlingtonq3@soundcloud.com,Boro,109.46.148.68
941,Kimball,Mordecai,kmordecaiq4@go.com,Colmeal,21.170.208.222
942,Massimiliano,Morena,mmorenaq5@opensource.org,Pyetrykaw,160.81.137.76
943,Freedman,Muffin,fmuffinq6@dion.ne.jp,Ţammūn,69.134.1.252
944,Roddie,Danhel,rdanhelq7@live.com,Gavinhos de Baixo,218.143.18.183
945,Cassius,Merkel,cmerkelq8@google.com.hk,Consolación del Sur,181.108.59.45
946,Pablo,Gollard,pgollardq9@statcounter.com,Isahaya,242.2.217.69
947,Jayson,Baudic,jbaudicqa@craigslist.org,Sumberejo,128.216.248.50
948,Krista,Doorey,kdooreyqb@tiny.cc,Lendava,35.178.93.234
949,Berton,Aizkovitch,baizkovitchqc@state.tx.us,Kirovohrad,149.239.19.71
950,Carmon,Reape,creapeqd@youku.com,Châtillon,177.47.208.125
951,Vania,Espinal,vespinalqe@rakuten.co.jp,As Samawah,126.67.55.251
952,Eilis,Polet,epoletqf@dailymail.co.uk,Mahaddayweyne,58.140.234.249
953,Carlota,Hlavac,chlavacqg@cdc.gov,Yangzhou,210.68.78.211
954,Godiva,Mankor,gmankorqh@quantcast.com,Cibeureum,209.20.178.239
955,Willem,Milton,wmiltonqi@bloglovin.com,Sukowidodo Barat,220.1.2.174
956,Dmitri,Diss,ddissqj@addtoany.com,La Habana Vieja,225.207.88.165
957,Yolande,Glinde,yglindeqk@tuttocitta.it,Antonio Toledo Corro,135.5.137.80
958,Igor,Kail,ikailql@taobao.com,Sundsvall,247.81.44.21
959,Prisca,Probbin,pprobbinqm@noaa.gov,Al ‘Āliyah,30.207.94.113
960,Rea,Abramof,rabramofqn@si.edu,Pelasgía,22.126.26.150
961,Timoteo,Izhakov,tizhakovqo@cafepress.com,Pulau Pinang,92.67.193.35
962,Paolina,Heath,pheathqp@google.cn,Solna,130.17.6.143
963,Charlene,Goudard,cgoudardqq@sohu.com,Khong,77.96.30.37
964,Hedy,Bethell,hbethellqr@delicious.com,Mlalo,67.21.185.221
965,Hayden,Batson,hbatsonqs@google.pl,Fushan,255.5.120.3
966,Jennifer,Hales,jhalesqt@xinhuanet.com,Ad Dīwānīyah,214.13.132.247
967,Der,Harland,dharlandqu@house.gov,Dandian,59.202.142.194
968,Miner,Robjohns,mrobjohnsqv@ifeng.com,Dongkeng,160.255.252.58
969,Baxter,Gutans,bgutansqw@nature.com,Tournan-en-Brie,236.24.211.72
970,Rebeca,Touhig,rtouhigqx@altervista.org,Trzciana,34.45.216.54
971,Cordell,Binestead,cbinesteadqy@taobao.com,Ta`ū,119.25.49.242
972,Hilary,Ingliss,hinglissqz@ox.ac.uk,Guomaying,115.210.193.235
973,Arabella,McCusker,amccuskerr0@sourceforge.net,Zarasai,47.126.135.181
974,Purcell,Golsthorp,pgolsthorpr1@friendfeed.com,Soljani,132.91.170.110
975,Elinore,Rougier,erougierr2@bloglines.com,Les Cèdres,85.137.118.5
976,Sydelle,Killford,skillfordr3@mit.edu,Santo Antônio de Pádua,174.140.107.234
977,Lenka,Ordelt,lordeltr4@miibeian.gov.cn,Telangi Satu,234.6.63.54
978,Alberta,Condy,acondyr5@istockphoto.com,Longping,61.49.144.190
979,Trista,Housley,thousleyr6@geocities.com,Mwaya,188.23.39.149
980,Marchall,Feldmark,mfeldmarkr7@wiley.com,Río Grande,233.251.108.250
981,Hagen,Ivanyushkin,hivanyushkinr8@chron.com,Prado Siongco,120.74.157.224
982,Sid,Camplen,scamplenr9@cam.ac.uk,Xamba,230.99.83.245
983,Alie,Rosenfield,arosenfieldra@google.nl,Vostryakovo,32.32.23.141
984,Sigrid,Bruhnsen,sbruhnsenrb@shutterfly.com,Huai Yot,221.80.210.130
985,Austina,Bristo,abristorc@tripadvisor.com,Xiaohebian,33.171.115.92
986,Lian,Matusov,lmatusovrd@purevolume.com,Czernice Borowe,27.92.204.214
987,Giulietta,Gianni,ggiannire@amazonaws.com,Zdice,71.221.207.27
988,Stefan,Cutill,scutillrf@yelp.com,Angoulême,54.179.59.154
989,Barby,Dollar,bdollarrg@google.co.jp,Sangumata,166.242.75.155
990,Jakie,Eouzan,jeouzanrh@pinterest.com,Bayt ‘Īnūn,100.85.37.47
991,Tatiania,Drakard,tdrakardri@artisteer.com,Vilar do Monte,154.212.40.156
992,Audry,Gillmore,agillmorerj@hexun.com,Svojat,85.77.71.16
993,Basile,Ramas,bramasrk@odnoklassniki.ru,Likhovskoy,157.123.243.27
994,Corinna,Blann,cblannrl@a8.net,Buenavista,43.214.76.117
995,Colene,Halburton,chalburtonrm@hc360.com,Chernyanka,27.90.18.37
996,Graehme,Britcher,gbritcherrn@scribd.com,Stuttgart,206.91.134.115
997,Amity,Wollacott,awollacottro@webmd.com,Kokoshkino,164.138.126.173
998,Alayne,Summersett,asummersettrp@toplist.cz,Hinthada,173.40.74.27
999,Bliss,Lathom,blathomrq@edublogs.org,Zhuxing Chaoxianzu,252.173.38.19
1000,Phillipp,Beminster,pbeminsterrr@yale.edu,Shawnee Mission,183.165.36.198
